<?xml version="1.0" encoding="utf-8" standalone="yes" ?>
<rss version="2.0" xmlns:atom="http://www.w3.org/2005/Atom">
  <channel>
    <title>Posts on Amanda Hehr | Blog</title>
    <link>http://blog.amandahehr.com/post/</link>
    <description>Recent content in Posts on Amanda Hehr | Blog</description>
    <generator>Hugo -- gohugo.io</generator>
    <language>en</language>
    <lastBuildDate>Thu, 28 Sep 2017 09:35:51 -0700</lastBuildDate>
    
	<atom:link href="http://blog.amandahehr.com/post/index.xml" rel="self" type="application/rss+xml" />
    
    
    <item>
      <title>Hosting a Static Website with Google Cloud Storage</title>
      <link>http://blog.amandahehr.com/post/hosting-with-cloud-storage/</link>
      <pubDate>Thu, 28 Sep 2017 09:35:51 -0700</pubDate>
      
      <guid>http://blog.amandahehr.com/post/hosting-with-cloud-storage/</guid>
      <description>Although dynamic websites are becoming increasingly popular and have numerous advantages, there are still many situations where static websites (or subdomains for static assets) make the most sense. This includes any website without constantly changing content or much user interaction, such as a personal portfolio or company landing page/website. Static websites are generally quicker and cheaper to develop and host, and there are even a number of static site generators that allow you to publish traditionally dynamic content (such as blog posts) easily.</description>
    </item>
    
  </channel>
</rss>