<?xml version="1.0" encoding="utf-8" standalone="yes" ?>
<rss version="2.0" xmlns:atom="http://www.w3.org/2005/Atom">
  <channel>
    <title>Tags on Amanda Hehr | Blog</title>
    <link>http://blog.amandahehr.com/tags/</link>
    <description>Recent content in Tags on Amanda Hehr | Blog</description>
    <generator>Hugo -- gohugo.io</generator>
    <language>en</language>
    
	<atom:link href="http://blog.amandahehr.com/tags/index.xml" rel="self" type="application/rss+xml" />
    
    
  </channel>
</rss>