<?xml version="1.0" encoding="utf-8" standalone="yes" ?>
<rss version="2.0" xmlns:atom="http://www.w3.org/2005/Atom">
  <channel>
    <title>Hugo on Amanda Hehr | Blog</title>
    <link>https://example.com/tags/hugo/</link>
    <description>Recent content in Hugo on Amanda Hehr | Blog</description>
    <generator>Hugo -- gohugo.io</generator>
    <language>en</language>
    <lastBuildDate>Sun, 11 May 2014 00:00:00 +0000</lastBuildDate>
    
	<atom:link href="https://example.com/tags/hugo/index.xml" rel="self" type="application/rss+xml" />
    
    
    <item>
      <title>Math example</title>
      <link>https://example.com/post/math-example/</link>
      <pubDate>Sun, 11 May 2014 00:00:00 +0000</pubDate>
      
      <guid>https://example.com/post/math-example/</guid>
      <description>&lt;p&gt;MathJax can render latex math equations in webpages.
$$
\phi = \frac{(1+\sqrt{5})}{2} = 1.6180339887\cdots
$$&lt;/p&gt;

&lt;p&gt;Additional details can be found on &lt;a href=&#34;https://github.com/mathjax/&#34;&gt;GitHub&lt;/a&gt; or on the &lt;a href=&#34;https://www.mathjax.org/#docs&#34;&gt;Documentaion&lt;/a&gt;.
&lt;/p&gt;</description>
    </item>
    
    <item>
      <title>Getting Started with Hugo</title>
      <link>https://example.com/post/hugoisforlovers/</link>
      <pubDate>Wed, 02 Apr 2014 00:00:00 +0000</pubDate>
      
      <guid>https://example.com/post/hugoisforlovers/</guid>
      <description>Step 1. Install Hugo Goto hugo releases and download the appropriate version for your os and architecture.
Save it somewhere specific as we will be using it in the next step.
More complete instructions are available at installing hugo
Step 2. Build the Docs Hugo has its own example site which happens to also be the documentation site you are reading right now.
Follow the following steps:
 Clone the hugo repository Go into the repo Run hugo in server mode and build the docs Open your browser to http://localhost:1313  Corresponding pseudo commands:</description>
    </item>
    
  </channel>
</rss>