<?xml version="1.0" encoding="utf-8" standalone="yes" ?>
<rss version="2.0" xmlns:atom="http://www.w3.org/2005/Atom">
  <channel>
    <title>Math Equations on Amanda Hehr | Blog</title>
    <link>https://example.com/tags/math-equations/</link>
    <description>Recent content in Math Equations on Amanda Hehr | Blog</description>
    <generator>Hugo -- gohugo.io</generator>
    <language>en</language>
    <lastBuildDate>Sun, 11 May 2014 00:00:00 +0000</lastBuildDate>
    
	<atom:link href="https://example.com/tags/math-equations/index.xml" rel="self" type="application/rss+xml" />
    
    
    <item>
      <title>Math example</title>
      <link>https://example.com/post/math-example/</link>
      <pubDate>Sun, 11 May 2014 00:00:00 +0000</pubDate>
      
      <guid>https://example.com/post/math-example/</guid>
      <description>&lt;p&gt;MathJax can render latex math equations in webpages.
$$
\phi = \frac{(1+\sqrt{5})}{2} = 1.6180339887\cdots
$$&lt;/p&gt;

&lt;p&gt;Additional details can be found on &lt;a href=&#34;https://github.com/mathjax/&#34;&gt;GitHub&lt;/a&gt; or on the &lt;a href=&#34;https://www.mathjax.org/#docs&#34;&gt;Documentaion&lt;/a&gt;.
&lt;/p&gt;</description>
    </item>
    
  </channel>
</rss>